[
  {
    "Name": "Alfreds Futterkiste",
    "Country": "Germany"
 },
  {
    "Name": "Berglunds snabbkop",
    "Country": "Sweden"
 },
  {
    "Name": "Island Trading",
    "Country": "UK"
 },
  {
    "Name": "Koniglich Essen",
    "Country": "Germany"
 },
  {
    "Name": "Laughing Winecellars",
    "Country": "Canada"
 },
  {
    "Name": "Magazzin Riuniti",
    "Country": "Italy"
 },
  {
    "Name": "North/South",
    "Country": "UK"
 },
  {
    "Name": "Paris specialites",
    "Country": "France"
 }
]